Location Name,Street Address,City,State/Province,Postal Code,Country Code,Phone Number
Atlanta (HQ),1550 Peachtree Street NW,Atlanta,GA,30309,US,+1 404‑885‑8300
Alpharetta,1505 Windward Concourse,Alpharetta,GA,30005,US,+1 770‑410‑7832
Charleston (Daniel Island),115 Central Island St #200,Charleston,SC,29492,US,+1 843‑375‑4300
Earth City,3470 Rider Trail S,Earth City,MO,63045,US,+1 314‑209‑0139
St. Louis,11432 Lackland Rd,St. Louis,MO,63146,US,+1 314‑214‑7000
West Des Moines,4300 Westown Pkwy #200,West Des Moines,IA,50266,US,+1 515‑989‑0877
Westerville,191 W Schrock Rd,Westerville,OH,43081,US,+1 614‑212‑9600
Boise (Kount),1005 W Main St,Boise,ID,83702,US,+1 866‑919‑2167
Toronto,"5700 Yonge St, Suite 1700",Toronto,ON,M2M 4K2,CA,+1 800‑465‑7166
Heredia (GBS),"Edificio 1-F, Zona Franca Metropolitana",Heredia,Heredia,-,CR,+506 4105‑3600
San José (GBS),"Torre Universal, Piso 23",San José,San José,10108,CR,+506 4105‑3334
Buenos Aires,"Av. Leandro N. Alem 815, Piso 11",Buenos Aires,CABA,C1001AAD,AR,+54 11 5352‑0300
Santiago (Las Condes),"Av. Isidora Goyenechea 2800, Pisos 26–27",Santiago,RM,7550000,CL,+56 2 2631‑5000
Santiago (Centro),"Miraflores 353, Pisos 5–8",Santiago,RM,8320215,CL,+56 2 2631‑5000
Mexico City,"José María Castorena 283-A, 1º Piso",Mexico City,CDMX,5260,MX,+52 55 5813‑1325
Barueri (São Paulo),"Av. Tamboré 267, 15º andar – Torre Sul",Barueri,SP,06460-000,BR,+55 11 3003‑0101
Asunción,Cap. Víctor M. Brizuela 650,Asunción,-,1584,PY,+595 21 439‑9000
Montevideo,"Luis A. de Herrera 1248, Torre 3 Piso 7",Montevideo,Montevideo,11300,UY,+598 2628‑1515
London,1 Angel Court,London,-,EC2R 7HJ,GB,+44 (0)20 7318
Leeds,6 Wellington Place,Leeds,-,LS1 4AP,GB,+44 (0)113 388
Nottingham,"EastWest, Tollhouse Hill",Nottingham,-,NG1 5FS,GB,+44 (0)115 941
Dublin,"Bottleworks, 15 Barrow Street",Dublin,Dublin 4,D04 X5T7,IE,+353 (0)1 683
Wexford,"Menapia House, Rosslare Rd, Drinagh",Wexford,Co. Wexford,Y35 RF29,IE,+353 53 914 1157
Mumbai,"Unit 932, 3/F Bldg 9, Solitaire Corp. Park",Mumbai,MH,400093,IN,+91 22 3953 0851
Bangalore,"Diamond District Tower C, 4/F",Bangalore,KA,560008,IN,+91 80 4154
Pune,"International Tech Park, Vitthal Nagar",Pune,MH,411014,IN,+91 20 6725
Thiruvananthapuram,Embassy Taurus TechZone (Niagara),Kerala,KL,695583,IN,+91 471 710
Sydney (North Sydney),"Level 15, 100 Arthur St",Sydney,NSW,2060,AU,+61 2 9278
Melbourne,"Level 9, 697 Collins St",Melbourne,VIC,3008,AU,+61 3 9641
Brisbane,316 Adelaide St,Brisbane,QLD,4000,AU,+61 7 3905 9790
Auckland,"Level 10, 48 Shortland St",Auckland,-,1010,NZ,+64 9 367
"Des Moines, IA",4300 Westown Pkwy,West Des Moines,IA,50266,US,+1 856-627-5800
"Boise, ID (Kount)",1005 W Main St,Boise,ID,83702,US,+1 866-919-2167
"Columbus, OH",7 Easton Oval,Columbus,OH,43219,US,+1 614-473-0439
"Chicago, IL",2525 W 115th St,Chicago,IL,60655,US,+1 773-238-9269
"New York, NY",708 3rd Ave,New York,NY,10017,US,+1 212-244-7557
"Reston, VA",11710 Plaza America Dr Ste 500,Reston,VA,20190,US,+1 571-267-6400
"Dallas, TX",14755 Preston Rd Ste 525,Dallas,TX,75254,US,+1 972-239-5065
"Palo Alto, CA",101 University Ave,Palo Alto,CA,94301,US,+1 650-566-1625
"Charleston, SC",115 Central Island St Ste 200,Charleston,SC,29492,US,+1 843-375-4300
"Indianapolis, IN",8604 Allisonville Rd,Indianapolis,IN,46250,US,+1 317-841-6250
"Cincinnati, OH",100 Tri County Pkwy,Cincinnati,OH,45246,US,+1 513-651-6280
"Rochester, NY",1364 Highland Ave,Rochester,NY,14620,US,+1 585-943-1843